<?xml version="1.0" encoding="UTF-8"?>
<beans xmlns="http://www.springframework.org/schema/beans"
	xmlns:xsi="http://www.w3.org/2001/XMLSchema-instance"
	xmlns:context="http://www.springframework.org/schema/context"
	xmlns:util="http://www.springframework.org/schema/util"
	xsi:schemaLocation="http://www.springframework.org/schema/beans http://www.springframework.org/schema/beans/spring-beans-4.3.xsd
		http://www.springframework.org/schema/context http://www.springframework.org/schema/context/spring-context-4.3.xsd
		http://www.springframework.org/schema/util http://www.springframework.org/schema/util/spring-util-4.3.xsd">



	<bean id="myDemo" class="org.cap.model.CollectionDemo">
	<property name="name">
	<list>
	<value>Deepak</value>
	<value>Abhishek</value>
	<value>Abhinay</value>
	<value>Shiv</value>
	<value>Pushkar</value>
	
	</list>
	</property>

	</bean>

</beans>
