<?xml version="1.0" encoding="UTF-8"?>
<beans xmlns="http://www.springframework.org/schema/beans"
	xmlns:xsi="http://www.w3.org/2001/XMLSchema-instance"
	xmlns:util="http://www.springframework.org/schema/util"
	xsi:schemaLocation="http://www.springframework.org/schema/beans http://www.springframework.org/schema/beans/spring-beans-4.3.xsd
		http://www.springframework.org/schema/util http://www.springframework.org/schema/util/spring-util-4.3.xsd">
	<bean id="emp" class="org.cap.model.Employee" scope="prototype" autowire="byName" init-method="init_method" destroy-method="destroy_method">
	
	
		<!--<constructor-arg name="employeeId" value="159816" />
		<constructor-arg name="employeeName" value="Deepak" />
		<constructor-arg name="salary" value="600000" />
		<constructor-arg name="address" ref="myaddress" />-->
 		
		<property name="employeeId" value="159816" />
		<property name="employeeName" value="Deepak" />
		<property name="salary" value="600000" />
		<!--<property name="address" ref="myaddress" />-->
	</bean>
	<bean id="address" class="org.cap.model.Address">
	<property name="stName" value="TamilNadu" />
	<property name="city" value="Chennai" />
	</bean>
</beans>
